55,Reducing the training time of an RL agent
67,Representing state in Q-Learning
70,Intuition behind the loss function in Deep Q learning?
95,Is there a rule of thumb when designing neural network in deep reinforcement learning?
111,Does OpenAI Gym or Tensorforce require a normalized action space?
125,reinforcement learning: Decompose a policy gradient
146,Reinforcement Learning on a dynamic action space
191,How to evaluate reinforcement learning model?
219,What is the purpose of reward threshold in OpenAI Gym?
225,How to render environment in Tensorforce?
247,Value function and Q-value
293,RL ppo alrorithm: understanding value loss and entropy plot
387,boltzmann-exploration(softmax exploration) in reinforcement learning
391,temperature variable in boltzmmann-exploration in reinforcement learning
450,Hindsight experience replay: strategy for sampling goals
461,Reinforcement learning converges for mean loss but not for each training data
481,Separation line between solvable and insolvable cases in Multi-armed bandit
486,What is the difference between a convolutional neural network and reinforced learning in detecting MR anomalies?
494,"Reinforcement Learning using PPO2 in openai gym retro, mario not learning the clear the easy episode"
529,How to calculate Temperature variable in softmax(boltzmann) exploration
531,Why can't Policy Gradient Algorithm be seen as an Actor-Critic Method?
561,Pytorch: How to create an update rule the doesn't come from derivatives?
576,Incentivizing curiosity in a sparse reward environment
591,Why is orthogonal weights initialization so important for PPO?
690,"Vowpal Wabbit, Daemon mode ""write error: Bad file descriptor"""
715,Recommendation system with active learning
716,Could you please give me an easy example in deep learning that explain Not-Differentiable?
720,Result of Reinforcement learning
840,Optimal implementation of vanilla DQN loss in Keras
846,Q-value estimate in neural episodic control
856,Deep Reinforcement Learning
870,How to teach algorithm to mimic paths in a certain enviroment
892,Problem when cherry picking actions - Proximal Policy Optimization
894,What strategies and algorithms are suited for using the time wasted in collecting big data?
980,Reward is converging but actions taken by trained agent are illogical in reinforcement learning
988,Agent always takes a same action in DQN - Reinforcement Learning
998,Deep Q-Learning for physical quantity: q-values distribution not as expected
1177,How to improve tensorflow 2.0 code for policy gradient?
1192,Is this an implementation of Reinforcement learning?
1231,Understanding policy gradient theorem - What does it mean to take gradients of reward wrt policy parameters?
1273,"Policy Gradient not ""learning"""
1327,Reinforcement Learning on real time data over a web server
1401,CartPole v1 - Simple backprop with 1 hidden layer
1415,How to model this sequential decision-making problem?
1432,Guidelines to debug REINFORCE-type algorithms?
1446,Puterman or Sutton Barto?
1480,Policy Gradient with continuous action space
1503,Reinforcement learning with sparse acting agent
1504,Deep Q Network gives same Q values and doesn't improve
1585,Are convolutional layers necessary for deep Q networks?
1593,Understanding REINFORCE loss
1640,Idenitity between TD(0) algorithm and Policy Evaluation in Dynamic Programming when alpha is equal to 1
1654,Which ML approach to choose for the game AI when rewards are delayed?
1672,"Q-learning, state transition, immediate rewards (trading logic)"
1705,Which reinforcement learning methods can be trained off-policy?
1725,Cold-start problem in Real Time Bidding
1753,What's the definition of retraining？
1806,Difference between Dueling DQN and Double DQN?
1831,NN training with repetitive features
1841,Parameter initialization in a genetic algorithm
1859,"Reward(t) vs. Reward(t+1) ? Reinforcement Learning, Q-learning"
1866,toy trading bot - deep reinforcement learning
1896,"Reward function to avoid illegal actions, minimize legal action and learn to win - Reinforcement Learning"
1934,Pytorch XLA to solve the spawn problems in a Colab Env
1940,transform a supervised neural network to reinforcement learning?
1943,RL library for implementing PPO algorithm
1990,Purpose of trace-decay parameter in eligibility traces
1996,"Why is Reward Engineering considered ""bad practice"" in RL?"
2051,Caps_Net. searching for example and library to use
2096,Why DDPG's policy target is Q-value itself?
2118,Does an RL agent learn during exploitation?
2126,Sudden drop of score in the last few episodes
2135,Definition of obstacles in new OpenAI gym environment
2137,"Representation of state space, action space and reward system for RL porblem"
2190,How should I interpret the weights file of the Leela Zero neural network?
2243,How can I improve the performance of my DQN?
2363,Can a classifier be trained with reinforcement learning without access to single classification results?
2383,Evaluating a trained Reinforcement Learning Agent?
2478,reinforcement learning with both dynamic and static states
2567,Should I update action value functions when there is no change?
2576,how do deep Q network deal with varying input size?
2599,How to use deep reinforcement learning to learn how to play Checkers?
2710,Why does my Deep Q Model only take a single action?
2771,Sudden decline in cumulative reward of an reinforcement learning training agent
2841,Bandit program using epsilon-greedy
2859,DQN vs PG - when to use which?
2910,Actions taken by agentn/ agent performance not improving
2940,Truncated Backpropagation Through Time (TBBTT) in Reinforcement Learning
2958,saving a model during training of an RL agent
2988,Why residual gradient algorithm is stable to converge to a suboptimal?
3014,Alternative approach for Q-Learning
3030,Prerequisites for reinforcement learning for DTR
3108,How can I increase the speed and performance of my implementation of an AI for Reversi?
3154,How can I create a loss function in Keras for policy gradient that deals with the fact episodes have varying length?
3221,How can I save this model(s) and why is the use for “with tf.Graph().as_default()”
3223,Free a bit of RAM space
3240,How to handle differences between training and deploying of an RL agent
3347,"Q learning for blackjack, reward function?"
3385,Expected value in Bellman equation
3416,Keras high loss and high accuracy in gk bot with reinforcement learning?
3450,"In DQN, what is the real reason we don't backpropagate through the target network?"
3478,Policy Gradient methods not converging to useful mean values
3481,How are n dimensional vectors state vectors represented in Q Learning?
3536,Debugging Reinforcement Learning Model
3584,What should be the next step once I trained an A2C agent?
3617,Prioritized Experience Replay - which version is correct?
3657,two PPO implentations
3679,Intuition behind policy gradient
3709,How can Reinforcement Learning Work in Trading?
3758,Actor Critic Model implementation
3761,Several dips in accumulated episodic rewardss during training of a reinforcement learning agent
3772,Formulation of a reward structure
3824,Markov Decision Process representation
3853,DNN loss gets smaller but accuracy stays the same
3858,Having a reward structure which gives high positive rewards compared to the negative rewards
3862,using reinforcement learning for classification
3877,REINFORCE algorithm with discounted rewards – where does gamma^t in the update come from?
3878,Use deep reinforcement learning with recursive actions?
3913,Which one of these is the most efficient way to model training data for a neural network that will play a snake-like game?
3924,Multi Agent Reinforcement learning with communincation between the agents
3958,Reinforcement Learning in NLP for chatbots
3959,Autonomous learning - chatbots
3976,Deep Q Learning - training slows down significantly
4069,Rewards are converged but with a lot of variations
4073,reinforcement learning: PPO vs. DDPG vs. TRPO - difference and intuition
4077,exploitation vs. exploration: upper-confidence-bound vs. epsilon-greedy
4092,Entropy applied to policy gradient prevent our agent from being stuck in the local minimum?
4100,Policy gradient/REINFORCE algorithm with RNN: why does this converge with SGM but not Adam?
4142,Agent Collapse / Overfitting during Training
4176,Proof subtracting baseline doesn't influence gradient can be used to show no gradient exist at all?
4193,Assumptions on discounted long-term loss
4207,Design reinforcement learning model to explore all optimal solutions?
4349,Large action space for deep reinforcement learning
4677,How can I build a simulation environment that assess different risk policies?
